{
  "LNN_Ensemble": {
    "DA": 58.7733060008107,
    "DA_std": 4.866540240415731,
    "DA_per_ticker": {
      "BBCA.JK": 59.893048128342244,
      "BBRI.JK": 56.68449197860963,
      "BMRI.JK": 56.14973262032086,
      "BBNI.JK": 60.962566844919785,
      "BRIS.JK": 63.101604278074866,
      "TLKM.JK": 53.475935828877006,
      "EXCL.JK": 54.54545454545454,
      "ISAT.JK": 55.61497326203209,
      "UNVR.JK": 59.35828877005348,
      "ICBP.JK": 62.56684491978609,
      "INDF.JK": 60.962566844919785,
      "KLBF.JK": 64.70588235294117,
      "MYOR.JK": 60.42780748663101,
      "ASII.JK": 53.475935828877006,
      "SMGR.JK": 57.75401069518716,
      "INTP.JK": 56.14973262032086,
      "ADRO.JK": 55.080213903743314,
      "PTBA.JK": 59.893048128342244,
      "ITMG.JK": 49.19786096256685,
      "PGAS.JK": 52.406417112299465,
      "MEDC.JK": 52.406417112299465,
      "BSDE.JK": 66.31016042780749,
      "CTRA.JK": 60.962566844919785,
      "PWON.JK": 60.962566844919785,
      "SIDO.JK": 67.37967914438502,
      "MIKA.JK": 61.49732620320856,
      "ADMF.JK": 63.24786324786324,
      "BFIN.JK": 62.56684491978609,
      "GOTO.JK": 73.97260273972603,
      "EMTK.JK": 57.21925133689839,
      "HMSP.JK": 60.962566844919785,
      "GGRM.JK": 54.54545454545454,
      "AMRT.JK": 62.03208556149733,
      "ACES.JK": 62.56684491978609,
      "MAPI.JK": 56.14973262032086,
      "SCMA.JK": 54.01069518716578,
      "INCO.JK": 51.33689839572193,
      "HRUM.JK": 52.94117647058824,
      "MBMA.JK": 51.42857142857142,
      "JSMR.JK": 60.42780748663101,
      "SMRA.JK": 63.63636363636363,
      "HEAL.JK": 59.35828877005348,
      "BBTN.JK": 63.101604278074866,
      "ARTO.JK": 57.75401069518716,
      "BTPS.JK": 55.61497326203209
    }
  },
  "_sector_breakdown": {
    "Banking": [
      59.893048128342244,
      56.68449197860963,
      56.14973262032086,
      60.962566844919785,
      63.101604278074866,
      63.101604278074866,
      57.75401069518716,
      55.61497326203209
    ],
    "Telecom": [
      53.475935828877006,
      54.54545454545454,
      55.61497326203209,
      73.97260273972603,
      57.21925133689839
    ],
    "Consumer": [
      59.35828877005348,
      62.56684491978609,
      60.962566844919785,
      64.70588235294117,
      60.42780748663101,
      60.962566844919785,
      54.54545454545454,
      62.03208556149733,
      62.56684491978609
    ],
    "Industrial": [
      53.475935828877006,
      57.75401069518716,
      56.14973262032086,
      56.14973262032086,
      54.01069518716578
    ],
    "Energy": [
      55.080213903743314,
      59.893048128342244,
      49.19786096256685,
      52.406417112299465,
      52.406417112299465,
      51.33689839572193,
      52.94117647058824,
      51.42857142857142
    ],
    "Property": [
      66.31016042780749,
      60.962566844919785,
      60.962566844919785,
      60.42780748663101,
      63.63636363636363
    ],
    "Healthcare": [
      67.37967914438502,
      61.49732620320856,
      59.35828877005348
    ],
    "Finance": [
      63.24786324786324,
      62.56684491978609
    ]
  },
  "_confidence_analysis": {
    "0.5": {
      "DA": [
        59.893048128342244,
        56.68449197860963,
        56.14973262032086,
        60.962566844919785,
        63.101604278074866,
        53.475935828877006,
        54.54545454545454,
        55.61497326203209,
        59.35828877005348,
        62.56684491978609,
        60.962566844919785,
        64.70588235294117,
        60.42780748663101,
        53.475935828877006,
        57.75401069518716,
        56.14973262032086,
        55.080213903743314,
        59.893048128342244,
        49.19786096256685,
        52.406417112299465,
        52.406417112299465,
        66.31016042780749,
        60.962566844919785,
        60.962566844919785,
        67.37967914438502,
        61.49732620320856,
        63.24786324786324,
        62.56684491978609,
        73.97260273972603,
        57.21925133689839,
        60.962566844919785,
        54.54545454545454,
        62.03208556149733,
        62.56684491978609,
        56.14973262032086,
        54.01069518716578,
        51.33689839572193,
        52.94117647058824,
        51.42857142857142,
        60.42780748663101,
        63.63636363636363,
        59.35828877005348,
        63.101604278074866,
        57.75401069518716,
        55.61497326203209
      ],
      "coverage": [
        100.0,
        100.0,
        100.0,
        100.0,
        100.0,
        100.0,
        100.0,
        100.0,
        100.0,
        100.0,
        100.0,
        100.0,
        100.0,
        100.0,
        100.0,
        100.0,
        100.0,
        100.0,
        100.0,
        100.0,
        100.0,
        100.0,
        100.0,
        100.0,
        100.0,
        100.0,
        100.0,
        100.0,
        100.0,
        100.0,
        100.0,
        100.0,
        100.0,
        100.0,
        100.0,
        100.0,
        100.0,
        100.0,
        100.0,
        100.0,
        100.0,
        100.0,
        100.0,
        100.0,
        100.0
      ]
    },
    "0.55": {
      "DA": [],
      "coverage": []
    },
    "0.6": {
      "DA": [],
      "coverage": []
    },
    "0.65": {
      "DA": [],
      "coverage": []
    },
    "0.7": {
      "DA": [],
      "coverage": []
    }
  },
  "LSTM": {
    "DA": 54.57280177666962,
    "DA_std": 7.011370609397665
  },
  "GRU": {
    "DA": 55.97580457961871,
    "DA_std": 4.567656099839138
  },
  "Transformer": {
    "DA": 56.404839199359756,
    "DA_std": 4.705051128419582
  }
}